year,month,region,region_spendings_inflated
2023,1,Адыгея Респ,9410.197630132321
2023,1,Алтай Респ,5588.615336182458
2023,1,Алтайский край,7241.7918318791435
2023,1,Архангельская обл,10158.763358799331
2023,1,Астраханская обл,10897.99980130594
2023,1,Башкортостан Респ,8755.903694082637
2023,1,Белгородская обл,10511.699884082584
2023,1,Брянская обл,8793.163182386379
2023,1,Владимирская обл,9342.745848471597
2023,1,Волгоградская обл,9753.220945492858
2023,1,Вологодская обл,10917.227576621939
2023,1,Воронежская обл,8560.788513060837
2023,1,Ивановская обл,9744.635058071864
2023,1,Иркутская обл,9492.035281458146
2023,1,Кабардино-Балкарская Респ,7448.753550238355
2023,1,Калининградская обл,10628.952020900146
2023,1,Калмыкия Респ,8450.063809729068
2023,1,Калужская обл,10085.411002985873
2023,1,Карачаево-Черкесская Респ,6782.770098367172
2023,1,Карелия Респ,9761.556579872866
2023,1,Кемеровская область - Кузбасс обл,7787.554458897498
2023,1,Кировская обл,9468.352020628065
2023,1,Коми Респ,9779.150350038877
2023,1,Костромская обл,9402.644649870703
2023,1,Краснодарский край,9913.776672246293
2023,1,Красноярский край,10302.031998035025
2023,1,Курганская обл,9744.4154732957
2023,1,Курская обл,10797.83970184181
2023,1,Ленинградская обл,11252.834078816688
2023,1,Липецкая обл,9636.48526225498
2023,1,Марий Эл Респ,6953.028037381308
2023,1,Мордовия Респ,9369.76090959249
2023,1,Москва г,14633.639803365519
2023,1,Московская обл,10625.877834033878
2023,1,Мурманская обл,13812.807375459925
2023,1,Нижегородская обл,9687.940476981892
2023,1,Новгородская обл,8485.949359768558
2023,1,Новосибирская обл,9673.233203901405
2023,1,Омская обл,8638.147370991308
2023,1,Оренбургская обл,7527.51578796732
2023,1,Орловская обл,8508.354367320644
2023,1,Пензенская обл,9183.48186903268
2023,1,Пермский край,8840.527250585354
2023,1,Псковская обл,9154.477050889798
2023,1,Ростовская обл,10043.32432979834
2023,1,Рязанская обл,8534.773237373303
2023,1,Самарская обл,8423.1677414757
2023,1,Санкт-Петербург г,12111.339403235894
2023,1,Саратовская обл,8789.452322342297
2023,1,Свердловская обл,9571.645190026928
2023,1,Северная Осетия - Алания Респ,7903.789636053397
2023,1,Смоленская обл,9858.193509073655
2023,1,Ставропольский край,9153.607298899302
2023,1,Тамбовская обл,6794.357795549444
2023,1,Татарстан Респ,8128.581883583089
2023,1,Тверская обл,10163.822395765208
2023,1,Томская обл,8282.461742448959
2023,1,Тульская обл,8355.538083878977
2023,1,Тюменская обл,13239.759806590195
2023,1,Удмуртская Респ,8262.635322603533
2023,1,Ульяновская обл,8653.57718839112
2023,1,Хакасия Респ,9315.718520044768
2023,1,Ханты-Мансийский Автономный округ - Югра АО,12965.434631172959
2023,1,Челябинская обл,9333.270581370614
2023,1,Чувашская Республика - Чувашия,6918.79734691189
2023,1,Ямало-Ненецкий АО,21104.440044605482
2023,1,Ярославская обл,7998.834268944364
2023,2,Адыгея Респ,9336.439756059453
2023,2,Алтай Респ,5544.811326701518
2023,2,Алтайский край,7185.030094135475
2023,2,Архангельская обл,10079.13816727784
2023,2,Астраханская обл,10812.58041601939
2023,2,Башкортостан Респ,8687.274227683936
2023,2,Белгородская обл,10429.308348132341
2023,2,Брянская обл,8724.241673168352
2023,2,Владимирская обл,9269.51666680385
2023,2,Волгоградская обл,9676.77442751549
2023,2,Вологодская обл,10831.657482510112
2023,2,Воронежская обл,8493.688374899137
2023,2,Ивановская обл,9668.255836959883
2023,2,Иркутская обл,9417.63595739473
2023,2,Кабардино-Балкарская Респ,7390.369630160093
2023,2,Калининградская обл,10545.641453418146
2023,2,Калмыкия Респ,8383.831540558658
2023,2,Калужская обл,10006.360753036884
2023,2,Карачаево-Черкесская Респ,6729.606209313597
2023,2,Карелия Респ,9685.044726533255
2023,2,Кемеровская область - Кузбасс обл,7726.514990472766
2023,2,Кировская обл,9394.138327838145
2023,2,Коми Респ,9702.500595335729
2023,2,Костромская обл,9328.94597665513
2023,2,Краснодарский край,9836.071705770708
2023,2,Красноярский край,10221.283855575977
2023,2,Курганская обл,9668.037973306582
2023,2,Курская обл,10713.205379344989
2023,2,Ленинградская обл,11164.633474369175
2023,2,Липецкая обл,9560.953727805321
2023,2,Марий Эл Респ,6898.52965312165
2023,2,Мордовия Респ,9296.319981736773
2023,2,Москва г,14518.940175975318
2023,2,Московская обл,10542.591362271934
2023,2,Мурманская обл,13704.541497628663
2023,2,Нижегородская обл,9612.005632485261
2023,2,Новгородская обл,8419.435816815716
2023,2,Новосибирская обл,9597.413636175621
2023,2,Омская обл,8570.440887976298
2023,2,Оренбургская обл,7468.514523233775
2023,2,Орловская обл,8441.665212144704
2023,2,Пензенская обл,9111.501011045422
2023,2,Пермский край,8771.234498050755
2023,2,Псковская обл,9082.723534963588
2023,2,Ростовская обл,9964.60395852599
2023,2,Рязанская обл,8467.877009002188
2023,2,Самарская обл,8357.146285817742
2023,2,Санкт-Петербург г,12016.409766083834
2023,2,Саратовская обл,8720.559899139102
2023,2,Свердловская обл,9496.621877197074
2023,2,Северная Осетия - Алания Респ,7841.839107107253
2023,2,Смоленская обл,9780.924207831787
2023,2,Ставропольский край,9081.860600158056
2023,2,Тамбовская обл,6741.103081207903
2023,2,Татарстан Респ,8064.869415202988
2023,2,Тверская обл,10084.157551111432
2023,2,Томская обл,8217.543151551703
2023,2,Тульская обл,8290.046714831808
2023,2,Тюменская обл,13135.9855209745
2023,2,Удмуртская Респ,8197.872132754774
2023,2,Ульяновская обл,8585.749765245682
2023,2,Хакасия Респ,9242.701180717106
2023,2,Ханты-Мансийский Автономный округ - Югра АО,12863.810528001748
2023,2,Челябинская обл,9260.115667596603
2023,2,Чувашская Республика - Чувашия,6864.567265514328
2023,2,Ямало-Ненецкий АО,20939.021772601936
2023,2,Ярославская обл,7936.138772640506
2023,3,Адыгея Респ,9324.31814247424
2023,3,Алтай Респ,5537.612430541815
2023,3,Алтайский край,7175.701681948944
2023,3,Архангельская обл,10066.052299288767
2023,3,Астраханская обл,10798.542311015073
2023,3,Башкортостан Респ,8675.995433620232
2023,3,Белгородская обл,10415.767849927439
2023,3,Брянская обл,8712.914883819389
2023,3,Владимирская обл,9257.481940281485
2023,3,Волгоградская обл,9664.210953276233
2023,3,Вологодская обл,10817.594609517742
2023,3,Воронежская обл,8482.660915708717
2023,3,Ивановская обл,9655.703422510622
2023,3,Иркутская обл,9405.408925791204
2023,3,Кабардино-Балкарская Респ,7380.77462315
2023,3,Калининградская обл,10531.949918524067
2023,3,Калмыкия Респ,8372.946709835873
2023,3,Калужская обл,9993.36937285218
2023,3,Карачаево-Черкесская Респ,6720.869079510235
2023,3,Карелия Респ,9672.470514863935
2023,3,Кемеровская область - Кузбасс обл,7716.483561842373
2023,3,Кировская обл,9381.941803493606
2023,3,Коми Респ,9689.903720499082
2023,3,Костромская обл,9316.834092335097
2023,3,Краснодарский край,9823.301413932597
2023,3,Красноярский край,10208.013438106442
2023,3,Курганская обл,9655.485841712358
2023,3,Курская обл,10699.296294162581
2023,3,Ленинградская обл,11150.138294586217
2023,3,Липецкая обл,9548.540624992833
2023,3,Марий Эл Респ,6889.5732079513145
2023,3,Мордовия Респ,9284.250456143787
2023,3,Москва г,14500.090058898753
2023,3,Московская обл,10528.903787348383
2023,3,Мурманская обл,13686.748724287092
2023,3,Нижегородская обл,9599.526248362392
2023,3,Новгородская обл,8408.504760626904
2023,3,Новосибирская обл,9584.953197019498
2023,3,Омская обл,8559.313780062219
2023,3,Оренбургская обл,7458.818059756094
2023,3,Орловская обл,8430.705295260866
2023,3,Пензенская обл,9099.671438175796
2023,3,Пермский край,8759.84669734421
2023,3,Псковская обл,9070.931324242078
2023,3,Ростовская обл,9951.666791696785
2023,3,Рязанская обл,8456.883061022862
2023,3,Самарская обл,8346.296100886591
2023,3,Санкт-Петербург г,12000.808714754656
2023,3,Саратовская обл,8709.237889882257
2023,3,Свердловская обл,9484.292297210703
2023,3,Северная Осетия - Алания Респ,7831.657951769954
2023,3,Смоленская обл,9768.225514662729
2023,3,Ставропольский край,9070.069509795325
2023,3,Тамбовская обл,6732.351024875567
2023,3,Татарстан Респ,8054.398696897024
2023,3,Тверская обл,10071.06516639512
2023,3,Томская обл,8206.874215072112
2023,3,Тульская обл,8279.283646091892
2023,3,Тюменская обл,13118.930910790476
2023,3,Удмуртская Респ,8187.228735398758
2023,3,Ульяновская обл,8574.602781629566
2023,3,Хакасия Респ,9230.70126906732
2023,3,Ханты-Мансийский Автономный округ - Югра АО,12847.109285930042
2023,3,Челябинская обл,9248.093146506148
2023,3,Чувашская Республика - Чувашия,6855.654914125967
2023,3,Ямало-Ненецкий АО,20911.83638530105
2023,3,Ярославская обл,7925.8351868975415
2023,4,Адыгея Респ,10168.728128471284
2023,4,Алтай Респ,5802.457625434438
2023,4,Алтайский край,7537.183534647511
2023,4,Архангельская обл,10872.085340525708
2023,4,Астраханская обл,11441.401588569477
2023,4,Башкортостан Респ,8882.981817127362
2023,4,Белгородская обл,11179.565201292582
2023,4,Брянская обл,8811.581699670853
2023,4,Владимирская обл,10040.113379464072
2023,4,Волгоградская обл,10435.736206482978
2023,4,Вологодская обл,11105.790736015715
2023,4,Воронежская обл,8466.975232250987
2023,4,Ивановская обл,10396.369786265908
2023,4,Иркутская обл,10908.55139610055
2023,4,Кабардино-Балкарская Респ,7813.573862009582
2023,4,Калининградская обл,10697.42351525967
2023,4,Калмыкия Респ,8805.419788328996
2023,4,Калужская обл,10363.987027172325
2023,4,Карачаево-Черкесская Респ,6697.115277802315
2023,4,Карелия Респ,8826.735589817836
2023,4,Кемеровская область - Кузбасс обл,8458.672893011857
2023,4,Кировская обл,9585.443346160218
2023,4,Коми Респ,10060.512893585792
2023,4,Костромская обл,10590.557258997991
2023,4,Краснодарский край,10494.704631446675
2023,4,Красноярский край,10918.849932818053
2023,4,Курганская обл,10526.002632347701
2023,4,Курская обл,10584.386863513844
2023,4,Ленинградская обл,11449.106401787456
2023,4,Липецкая обл,9541.196120086808
2023,4,Марий Эл Респ,7384.144152013008
2023,4,Мордовия Респ,9729.673765058958
2023,4,Москва г,14349.851618394247
2023,4,Московская обл,10798.378748387146
2023,4,Мурманская обл,14445.389120660575
2023,4,Нижегородская обл,11366.966572214462
2023,4,Новгородская обл,8172.0422059079765
2023,4,Новосибирская обл,9690.22613947999
2023,4,Омская обл,8799.780257748023
2023,4,Оренбургская обл,8686.636948213438
2023,4,Орловская обл,8387.179449990179
2023,4,Пензенская обл,9378.755095776698
2023,4,Пермский край,8854.3829854943
2023,4,Псковская обл,9230.200188351655
2023,4,Ростовская обл,9897.13376554268
2023,4,Рязанская обл,8753.945285046397
2023,4,Самарская обл,9477.99289610099
2023,4,Санкт-Петербург г,13205.057210964851
2023,4,Саратовская обл,9920.271233582818
2023,4,Свердловская обл,11552.209334934167
2023,4,Северная Осетия - Алания Респ,8156.448352382336
2023,4,Смоленская обл,9900.476517604213
2023,4,Ставропольский край,9095.15324746969
2023,4,Тамбовская обл,7783.578782959953
2023,4,Татарстан Респ,7761.464260075699
2023,4,Тверская обл,11406.743867322342
2023,4,Томская обл,8360.261690550498
2023,4,Тульская обл,8894.704477728948
2023,4,Тюменская обл,13101.824591643159
2023,4,Удмуртская Респ,8470.99429165492
2023,4,Ульяновская обл,9602.63464247669
2023,4,Хакасия Респ,9537.45461333773
2023,4,Ханты-Мансийский Автономный округ - Югра АО,12342.845342747556
2023,4,Челябинская обл,9723.640327871746
2023,4,Чувашская Республика - Чувашия,7429.576733966112
2023,4,Ямало-Ненецкий АО,18906.16206060459
2023,4,Ярославская обл,9197.719255611595
2023,5,Адыгея Респ,10200.34921102546
2023,5,Алтай Респ,5820.501179089615
2023,5,Алтайский край,7560.621461177158
2023,5,Архангельская обл,10905.893610718933
2023,5,Астраханская обл,11476.980227274023
2023,5,Башкортостан Респ,8910.60469167154
2023,5,Белгородская обл,11214.329623124264
2023,5,Брянская обл,8838.982545562092
2023,5,Владимирская обл,10071.334516465111
2023,5,Волгоградская обл,10468.187588005792
2023,5,Вологодская обл,11140.325745827777
2023,5,Воронежская обл,8493.304476126978
2023,5,Ивановская обл,10428.698752398339
2023,5,Иркутская обл,10942.47306259459
2023,5,Кабардино-Балкарская Респ,7837.871262924645
2023,5,Калининградская обл,10730.688650074899
2023,5,Калмыкия Респ,8832.801472894967
2023,5,Калужская обл,10396.215294585538
2023,5,Карачаево-Черкесская Респ,6717.940894575498
2023,5,Карелия Респ,8854.183558850269
2023,5,Кемеровская область - Кузбасс обл,8484.976319602622
2023,5,Кировская обл,9615.2506230918
2023,5,Коми Респ,10091.79746572955
2023,5,Костромская обл,10623.490078240533
2023,5,Краснодарский край,10527.339383535633
2023,5,Красноярский край,10952.803624052613
2023,5,Курганская обл,10558.734709948538
2023,5,Курская обл,10617.300495048492
2023,5,Ленинградская обл,11484.70899968648
2023,5,Липецкая обл,9570.86580407945
2023,5,Марий Эл Респ,7407.106181174648
2023,5,Мордовия Респ,9759.929546653582
2023,5,Москва г,14394.474489311106
2023,5,Московская обл,10831.95781762177
2023,5,Мурманская обл,14490.309078804867
2023,5,Нижегородская обл,11402.31374482341
2023,5,Новгородская обл,8197.454314282248
2023,5,Новосибирская обл,9720.359253164797
2023,5,Омская обл,8827.144405404775
2023,5,Оренбургская обл,8713.649260922293
2023,5,Орловская обл,8413.260557719106
2023,5,Пензенская обл,9407.919646681408
2023,5,Пермский край,8881.916927971006
2023,5,Псковская обл,9258.902786991324
2023,5,Ростовская обл,9927.91028743372
2023,5,Рязанская обл,8781.16690244397
2023,5,Самарская обл,9507.466040827552
2023,5,Санкт-Петербург г,13246.120183533802
2023,5,Саратовская обл,9951.119704667284
2023,5,Свердловская обл,11588.132545826225
2023,5,Северная Осетия - Алания Респ,8181.811969487746
2023,5,Смоленская обл,9931.263434250384
2023,5,Ставропольский край,9123.43589875583
2023,5,Тамбовская обл,7807.782909980891
2023,5,Татарстан Респ,7785.599618894268
2023,5,Тверская обл,11442.214732994622
2023,5,Томская обл,8386.259093741093
2023,5,Тульская обл,8922.363805526076
2023,5,Тюменская обл,13142.566547941775
2023,5,Удмуртская Респ,8497.33603335833
2023,5,Ульяновская обл,9632.49537814895
2023,5,Хакасия Респ,9567.11266259176
2023,5,Ханты-Мансийский Автономный округ - Югра АО,12381.227146902951
2023,5,Челябинская обл,9753.877347649455
2023,5,Чувашская Республика - Чувашия,7452.680042096609
2023,5,Ямало-Ненецкий АО,18964.95341619479
2023,5,Ярославская обл,9226.320850247359
2023,6,Адыгея Респ,10201.369347960259
2023,6,Алтай Респ,5821.083287418358
2023,6,Алтайский край,7561.377598937053
2023,6,Архангельская обл,10906.98430914985
2023,6,Астраханская обл,11478.128040078034
2023,6,Башкортостан Респ,8911.495841255668
2023,6,Белгородская обл,11215.45116824109
2023,6,Брянская обл,8839.866532215316
2023,6,Владимирская обл,10072.341750640177
2023,6,Волгоградская обл,10469.234511456942
2023,6,Вологодская обл,11141.439889816762
2023,6,Воронежская обл,8494.15389151613
2023,6,Ивановская обл,10429.741726571
2023,6,Иркутская обл,10943.567419336527
2023,6,Кабардино-Балкарская Респ,7838.655128437491
2023,6,Калининградская обл,10731.761826257527
2023,6,Калмыкия Респ,8833.684841379109
2023,6,Калужская обл,10397.255020087548
2023,6,Карачаево-Черкесская Респ,6718.612755851084
2023,6,Карелия Респ,8855.069065756847
2023,6,Кемеровская область - Кузбасс обл,8485.824902092834
2023,6,Кировская обл,9616.212244316233
2023,6,Коми Респ,10092.806746404192
2023,6,Костромская обл,10624.552533493887
2023,6,Краснодарский край,10528.392222757911
2023,6,Красноярский край,10953.899013954011
2023,6,Курганская обл,10559.790689017444
2023,6,Курская обл,10618.362331281622
2023,6,Ленинградская обл,11485.857585445028
2023,6,Липецкая обл,9571.822986378093
2023,6,Марий Эл Респ,7407.8469658712365
2023,6,Мордовия Респ,9760.905637217305
2023,6,Москва г,14395.914080719182
2023,6,Московская обл,10833.041121733946
2023,6,Мурманская обл,14491.758254630333
2023,6,Нижегородская обл,11403.454090232437
2023,6,Новгородская обл,8198.27414169642
2023,6,Новосибирская обл,9721.33138630343
2023,6,Омская обл,8828.02720812559
2023,6,Оренбургская обл,8714.520712993595
2023,6,Орловская обл,8414.1019679159
2023,6,Пензенская обл,9408.860532734683
2023,6,Пермский край,8882.805208491858
2023,6,Псковская обл,9259.828769868314
2023,6,Ростовская обл,9928.903177751497
2023,6,Рязанская обл,8782.045106954667
2023,6,Самарская обл,9508.416882515807
2023,6,Санкт-Петербург г,13247.444928026607
2023,6,Саратовская обл,9952.114916158902
2023,6,Свердловская обл,11589.291474973725
2023,6,Северная Осетия - Алания Респ,8182.630232510999
2023,6,Смоленская обл,9932.25665991638
2023,6,Ставропольский край,9124.348333589192
2023,6,Тамбовская обл,7808.56376635753
2023,6,Татарстан Респ,7786.378256719942
2023,6,Тверская обл,11443.359068901515
2023,6,Томская обл,8387.097803521447
2023,6,Тульская обл,8923.256131139193
2023,6,Тюменская обл,13143.880936035383
2023,6,Удмуртская Респ,8498.185851943525
2023,6,Ульяновская обл,9633.458724021355
2023,6,Хакасия Респ,9568.069469538717
2023,6,Ханты-Мансийский Автономный округ - Югра АО,12382.465393442299
2023,6,Челябинская обл,9754.852832932753
2023,6,Чувашская Республика - Чувашия,7453.425384635075
2023,6,Ямало-Ненецкий АО,18966.850101204913
2023,6,Ярославская обл,9227.243574604821
2023,7,Адыгея Респ,10973.54412981852
2023,7,Алтай Респ,6576.554410828333
2023,7,Алтайский край,7701.245946077579
2023,7,Архангельская обл,11240.556897328668
2023,7,Астраханская обл,12267.255624138601
2023,7,Башкортостан Респ,9708.131693418576
2023,7,Белгородская обл,10658.881063011588
2023,7,Брянская обл,9437.804785338763
2023,7,Владимирская обл,10418.316081033267
2023,7,Волгоградская обл,10009.831013579516
2023,7,Вологодская обл,11892.383855343205
2023,7,Воронежская обл,9306.891997900253
2023,7,Ивановская обл,10460.828796956997
2023,7,Иркутская обл,10565.032442761798
2023,7,Кабардино-Балкарская Респ,10510.716352885143
2023,7,Калининградская обл,10792.478800404122
2023,7,Калмыкия Респ,9560.49332544175
2023,7,Калужская обл,10466.53507184803
2023,7,Карачаево-Черкесская Респ,6688.391832775521
2023,7,Карелия Респ,10072.379820665365
2023,7,Кемеровская область - Кузбасс обл,8063.27859636816
2023,7,Кировская обл,10108.221906081413
2023,7,Коми Респ,9890.743379769086
2023,7,Костромская обл,10631.368493360986
2023,7,Краснодарский край,10754.023153969287
2023,7,Красноярский край,11098.71676287131
2023,7,Курганская обл,11073.906082922085
2023,7,Курская обл,11347.432183286011
2023,7,Ленинградская обл,11336.25316002091
2023,7,Липецкая обл,10155.587859619201
2023,7,Марий Эл Респ,7663.532018580018
2023,7,Мордовия Респ,10073.707170867967
2023,7,Москва г,15997.104853515259
2023,7,Московская обл,9633.205980934013
2023,7,Мурманская обл,15012.32232152615
2023,7,Нижегородская обл,10098.964334157903
2023,7,Новгородская обл,8258.785060393333
2023,7,Новосибирская обл,10018.395265843872
2023,7,Омская обл,9299.646625964824
2023,7,Оренбургская обл,8732.903178931498
2023,7,Орловская обл,8808.808976798107
2023,7,Пензенская обл,9537.904172358496
2023,7,Пермский край,9028.423121257732
2023,7,Псковская обл,9563.74454694985
2023,7,Ростовская обл,10221.932380092067
2023,7,Рязанская обл,9609.329407052614
2023,7,Самарская обл,9012.893002889123
2023,7,Санкт-Петербург г,13260.15350508745
2023,7,Саратовская обл,10109.785202764873
2023,7,Свердловская обл,11255.945447808763
2023,7,Северная Осетия - Алания Респ,8104.911655411953
2023,7,Смоленская обл,10120.718599693488
2023,7,Ставропольский край,8745.574109944826
2023,7,Тамбовская обл,7631.747002652868
2023,7,Татарстан Респ,7898.650871787235
2023,7,Тверская обл,12614.532544510592
2023,7,Томская обл,8988.699413736
2023,7,Тульская обл,9090.129780904192
2023,7,Тюменская обл,13600.224982928457
2023,7,Удмуртская Респ,8872.648834627962
2023,7,Ульяновская обл,9115.171567406467
2023,7,Хакасия Респ,9691.89494558933
2023,7,Ханты-Мансийский Автономный округ - Югра АО,13923.055427919118
2023,7,Челябинская обл,9172.475102725439
2023,7,Чувашская Республика - Чувашия,7453.798586749773
2023,7,Ямало-Ненецкий АО,18386.37998752654
2023,7,Ярославская обл,8707.083374033347
2023,8,Адыгея Респ,10980.132209144003
2023,8,Алтай Респ,6580.5027124558055
2023,8,Алтайский край,7705.8694677582325
2023,8,Архангельская обл,11247.305280496965
2023,8,Астраханская обл,12274.620396376424
2023,8,Башкортостан Респ,9713.96006946025
2023,8,Белгородская обл,10665.280231150275
2023,8,Брянская обл,9443.470867859476
2023,8,Владимирская обл,10424.570823527381
2023,8,Волгоградская обл,10015.840517890249
2023,8,Вологодская обл,11899.523569484894
2023,8,Воронежская обл,9312.479485591606
2023,8,Ивановская обл,10467.109062394433
2023,8,Иркутская обл,10571.375267922549
2023,8,Кабардино-Балкарская Респ,10517.026568826437
2023,8,Калининградская обл,10798.958175309306
2023,8,Калмыкия Респ,9566.233065280916
2023,8,Калужская обл,10472.818763105892
2023,8,Карачаево-Черкесская Респ,6692.407277141805
2023,8,Карелия Респ,10078.426876791438
2023,8,Кемеровская область - Кузбасс обл,8068.119468048988
2023,8,Кировская обл,10114.290480369633
2023,8,Коми Респ,9896.681388602246
2023,8,Костромская обл,10637.751144047412
2023,8,Краснодарский край,10760.479441634265
2023,8,Красноярский край,11105.379990865827
2023,8,Курганская обл,11080.554415571425
2023,8,Курская обл,11354.244730124085
2023,8,Ленинградская обл,11343.058995418158
2023,8,Липецкая обл,10161.684870541525
2023,8,Марий Эл Респ,7668.132898319008
2023,8,Мордовия Респ,10079.755023882293
2023,8,Москва г,16006.70887884256
2023,8,Московская обл,9638.989374558747
2023,8,Мурманская обл,15021.335122599707
2023,8,Нижегородская обл,10105.027350568242
2023,8,Новгородская обл,8263.743306377159
2023,8,Новосибирская обл,10024.409911790945
2023,8,Омская обл,9305.229763823116
2023,8,Оренбургская обл,8738.146066571438
2023,8,Орловская обл,8814.09743525926
2023,8,Пензенская обл,9543.630350568836
2023,8,Пермский край,9033.84342731412
2023,8,Псковская обл,9569.486238693065
2023,8,Ростовская обл,10228.06922162504
2023,8,Рязанская обл,9615.098466132291
2023,8,Самарская обл,9018.30398528029
2023,8,Санкт-Петербург г,13268.114373711674
2023,8,Саратовская обл,10115.854715594227
2023,8,Свердловская обл,11262.70306965055
2023,8,Северная Осетия - Алания Респ,8109.777521925107
2023,8,Смоленская обл,10126.794676499387
2023,8,Ставропольский край,8750.824604707648
2023,8,Тамбовская обл,7636.328799932827
2023,8,Татарстан Респ,7903.392907531752
2023,8,Тверская обл,12622.105807995387
2023,8,Томская обл,8994.095871258754
2023,8,Тульская обл,9095.5871331841
2023,8,Тюменская обл,13608.390016938618
2023,8,Удмуртская Респ,8877.975619999961
2023,8,Ульяновская обл,9120.643953778732
2023,8,Хакасия Респ,9697.71357373357
2023,8,Ханты-Мансийский Автономный округ - Югра АО,13931.414276485008
2023,8,Челябинская обл,9177.981891860552
2023,8,Чувашская Республика - Чувашия,7458.273550880299
2023,8,Ямало-Ненецкий АО,18397.41843858969
2023,8,Ярославская обл,8712.31076048964
2023,9,Адыгея Респ,10886.508238294673
2023,9,Алтай Респ,6524.3929332300295
2023,9,Алтайский край,7640.164056869161
2023,9,Архангельская обл,11151.403212866318
2023,9,Астраханская обл,12169.958751116825
2023,9,Башкортостан Респ,9631.132331410128
2023,9,Белгородская обл,10574.340899415307
2023,9,Брянская обл,9362.949502141068
2023,9,Владимирская обл,10335.683941629373
2023,9,Волгоградская обл,9930.438744685953
2023,9,Вологодская обл,11798.060251323517
2023,9,Воронежская обл,9233.075040245498
2023,9,Ивановская обл,10377.859470944315
2023,9,Иркутская обл,10481.236632879787
2023,9,Кабардино-Балкарская Респ,10427.351347240176
2023,9,Калининградская обл,10706.879015773657
2023,9,Калмыкия Респ,9484.664946738965
2023,9,Калужская обл,10383.520486918396
2023,9,Карачаево-Черкесская Респ,6635.343324550672
2023,9,Карелия Респ,9992.491450318701
2023,9,Кемеровская область - Кузбасс обл,7999.325270720792
2023,9,Кировская обл,10028.049256761487
2023,9,Коми Респ,9812.295646046252
2023,9,Костромская обл,10547.046543770984
2023,9,Краснодарский край,10668.728377587022
2023,9,Красноярский край,11010.688073434298
2023,9,Курганская обл,10986.074177643693
2023,9,Курская обл,11257.430825028841
2023,9,Ленинградская обл,11246.340467398535
2023,9,Липецкая обл,10075.039530578553
2023,9,Марий Эл Респ,7602.749254728347
2023,9,Мордовия Респ,9993.808272736762
2023,9,Москва г,15870.224944321402
2023,9,Московская обл,9556.800886931143
2023,9,Мурманская обл,14893.253145547998
2023,9,Нижегородская обл,10018.86511061694
2023,9,Новгородская обл,8193.281089011662
2023,9,Новосибирская обл,9938.935070187337
2023,9,Омская обл,9225.887134466706
2023,9,Оренбургская обл,8663.638773122588
2023,9,Орловская обл,8738.942529505517
2023,9,Пензенская обл,9462.254957930636
2023,9,Пермский край,8956.814819863299
2023,9,Псковская обл,9487.890381412917
2023,9,Ростовская обл,10140.857844165223
2023,9,Рязанская обл,9533.113688411951
2023,9,Самарская обл,8941.407877533506
2023,9,Санкт-Петербург г,13154.981532531905
2023,9,Саратовская обл,10029.600154267531
2023,9,Свердловская обл,11166.669710143322
2023,9,Северная Осетия - Алания Респ,8040.628120092316
2023,9,Смоленская обл,10040.446833729318
2023,9,Ставропольский край,8676.209205540008
2023,9,Тамбовская обл,7571.216339413871
2023,9,Татарстан Респ,7836.003279329521
2023,9,Тверская обл,12514.481269081292
2023,9,Томская обл,8917.406178126867
2023,9,Тульская обл,9018.032057489692
2023,9,Тюменская обл,13492.35575742477
2023,9,Удмуртская Респ,8802.276046004326
2023,9,Ульяновская обл,9042.875226828015
2023,9,Хакасия Респ,9615.024364201441
2023,9,Ханты-Мансийский Автономный округ - Югра АО,13812.62569550368
2023,9,Челябинская обл,9099.724263197062
2023,9,Чувашская Республика - Чувашия,7394.679308824412
2023,9,Ямало-Ненецкий АО,18240.549711074458
2023,9,Ярославская обл,8638.02375618644
2023,10,Адыгея Респ,12374.818803987508
2023,10,Алтай Респ,7018.046850384738
2023,10,Алтайский край,8794.219976383018
2023,10,Архангельская обл,12098.564423268426
2023,10,Астраханская обл,13677.34142026859
2023,10,Башкортостан Респ,10806.604248056832
2023,10,Белгородская обл,10604.741762782307
2023,10,Брянская обл,10426.7626172887
2023,10,Владимирская обл,11037.9712152199
2023,10,Волгоградская обл,10280.867567571204
2023,10,Вологодская обл,12717.23945184574
2023,10,Воронежская обл,9289.006027800708
2023,10,Ивановская обл,11208.042150462223
2023,10,Иркутская обл,12101.591738739788
2023,10,Кабардино-Балкарская Респ,11324.476540932976
2023,10,Калининградская обл,10865.405942582162
2023,10,Калмыкия Респ,10328.464878544466
2023,10,Калужская обл,11348.993532426402
2023,10,Карачаево-Черкесская Респ,7046.089787949469
2023,10,Карелия Респ,11174.513091902436
2023,10,Кемеровская область - Кузбасс обл,8426.622628612908
2023,10,Кировская обл,10917.533567200946
2023,10,Коми Респ,12248.301652715616
2023,10,Костромская обл,11415.07570746913
2023,10,Краснодарский край,11841.865600353594
2023,10,Красноярский край,12025.99294405215
2023,10,Курганская обл,11871.766854809784
2023,10,Курская обл,12199.259378958686
2023,10,Ленинградская обл,12287.864023095084
2023,10,Липецкая обл,11689.891047383164
2023,10,Марий Эл Респ,8267.206517306568
2023,10,Мордовия Респ,10782.674716842666
2023,10,Москва г,16442.86042951891
2023,10,Московская обл,10933.792951704414
2023,10,Мурманская обл,14874.5226964329
2023,10,Нижегородская обл,11082.390792464808
2023,10,Новгородская обл,8894.257592446278
2023,10,Новосибирская обл,10362.348071425815
2023,10,Омская обл,10598.745167230074
2023,10,Оренбургская обл,9625.539044513347
2023,10,Орловская обл,9883.518199206168
2023,10,Пензенская обл,10329.93945122124
2023,10,Пермский край,9070.007705186717
2023,10,Псковская обл,9990.077098127536
2023,10,Ростовская обл,11376.342414096684
2023,10,Рязанская обл,10245.043150097687
2023,10,Самарская обл,10291.186023121481
2023,10,Санкт-Петербург г,14090.931222805502
2023,10,Саратовская обл,10317.217856746316
2023,10,Свердловская обл,13595.642987600699
2023,10,Северная Осетия - Алания Респ,8423.241178819972
2023,10,Смоленская обл,11469.027301503367
2023,10,Ставропольский край,11136.7687689598
2023,10,Тамбовская обл,8033.20426965689
2023,10,Татарстан Респ,9837.063830106878
2023,10,Тверская обл,10118.634963232435
2023,10,Томская обл,9391.001449996273
2023,10,Тульская обл,10251.652078239396
2023,10,Тюменская обл,15033.795495856599
2023,10,Удмуртская Респ,9762.660090705078
2023,10,Ульяновская обл,9798.829167334372
2023,10,Хакасия Респ,10744.459004401746
2023,10,Ханты-Мансийский Автономный округ - Югра АО,14677.967488399052
2023,10,Челябинская обл,10002.523912794419
2023,10,Чувашская Республика - Чувашия,7427.559962838543
2023,10,Ямало-Ненецкий АО,20939.32286084716
2023,10,Ярославская обл,9598.476786608353
2023,11,Адыгея Респ,12185.936783838013
2023,11,Алтай Респ,6910.927474529527
2023,11,Алтайский край,8659.99012937766
2023,11,Архангельская обл,11913.898988939853
2023,11,Астраханская обл,13468.578454228049
2023,11,Башкортостан Респ,10641.658540676344
2023,11,Белгородская обл,10442.877166698476
2023,11,Брянская обл,10267.614591126237
2023,11,Владимирская обл,10869.49405733126
2023,11,Волгоградская обл,10123.946398396061
2023,11,Вологодская обл,12523.130922546268
2023,11,Воронежская обл,9147.224054948994
2023,11,Ивановская обл,11036.969128963286
2023,11,Иркутская обл,11916.880097232675
2023,11,Кабардино-Балкарская Респ,11151.626332774958
2023,11,Калининградская обл,10699.562720415714
2023,11,Калмыкия Респ,10170.817211762147
2023,11,Калужская обл,11175.769111202755
2023,11,Карачаево-Черкесская Респ,6938.542381043295
2023,11,Карелия Респ,11003.95183840712
2023,11,Кемеровская область - Кузбасс обл,8298.003573227872
2023,11,Кировская обл,10750.894699360848
2023,11,Коми Респ,12061.350716608184
2023,11,Костромская обл,11240.842646449162
2023,11,Краснодарский край,11661.118267211805
2023,11,Красноярский край,11842.435198475769
2023,11,Курганская обл,11690.563126351333
2023,11,Курская обл,12013.056995527997
2023,11,Ленинградская обл,12100.30923002962
2023,11,Липецкая обл,11511.463365222215
2023,11,Марий Эл Респ,8141.020696510649
2023,11,Мордовия Респ,10618.094255876575
2023,11,Москва г,16191.886193519353
2023,11,Московская обл,10766.905910097892
2023,11,Мурманская обл,14647.48665330664
2023,11,Нижегородская обл,10913.23564004412
2023,11,Новгородская обл,8758.500829587665
2023,11,Новосибирская обл,10204.183231340041
2023,11,Омская обл,10436.972099684952
2023,11,Оренбургская обл,9478.620427881184
2023,11,Орловская обл,9732.661939149348
2023,11,Пензенская обл,10172.269277421208
2023,11,Пермский край,8931.568395063232
2023,11,Псковская обл,9837.59438515759
2023,11,Ростовская обл,11202.700555486637
2023,11,Рязанская обл,10088.66878394651
2023,11,Самарская обл,10134.107359056108
2023,11,Санкт-Петербург г,13875.855463127027
2023,11,Саратовская обл,10159.741857948116
2023,11,Свердловская обл,13388.127018809151
2023,11,Северная Осетия - Алания Респ,8294.673735913311
2023,11,Смоленская обл,11293.9707548039
2023,11,Ставропольский край,10966.783622806299
2023,11,Тамбовская обл,7910.590122754195
2023,11,Татарстан Респ,9686.916622458763
2023,11,Тверская обл,9964.19001795414
2023,11,Томская обл,9247.662678479832
2023,11,Тульская обл,10095.176837261833
2023,11,Тюменская обл,14804.328405570253
2023,11,Удмуртская Респ,9613.648538360487
2023,11,Ульяновская обл,9649.265551289382
2023,11,Хакасия Респ,10580.461845791966
2023,11,Ханты-Мансийский Автономный округ - Югра АО,14453.931549383598
2023,11,Челябинская обл,9849.851218901442
2023,11,Чувашская Республика - Чувашия,7314.190017566262
2023,11,Ямало-Ненецкий АО,20619.717243571788
2023,11,Ярославская обл,9451.97123250453
2023,12,Адыгея Респ,12007.032006934687
2023,12,Алтай Респ,6809.466424800008
2023,12,Алтайский край,8532.850654623768
2023,12,Архангельская обл,11738.988066745349
2023,12,Астраханская обл,13270.842895091193
2023,12,Башкортостан Респ,10485.425697779432
2023,12,Белгородская обл,10289.562682725862
2023,12,Брянская обл,10116.873180733312
2023,12,Владимирская обл,10709.916304395765
2023,12,Волгоградская обл,9975.31421656918
2023,12,Вологодская обл,12339.275714401685
2023,12,Воронежская обл,9012.931377425357
2023,12,Ивановская обл,10874.932632735528
2023,12,Иркутская обл,11741.925408643883
2023,12,Кабардино-Балкарская Респ,10987.90652554435
2023,12,Калининградская обл,10542.479771815662
2023,12,Калмыкия Респ,10021.4969078354
2023,12,Калужская обл,11011.69485782122
2023,12,Карачаево-Черкесская Респ,6836.675909984526
2023,12,Карелия Респ,10842.400077256008
2023,12,Кемеровская область - Кузбасс обл,8176.178513378532
2023,12,Кировская обл,10593.05813317652
2023,12,Коми Респ,11884.275018827653
2023,12,Костромская обл,11075.813032268365
2023,12,Краснодарский край,11489.918481832503
2023,12,Красноярский край,11668.573454011008
2023,12,Курганская обл,11518.931053651922
2023,12,Курская обл,11836.690309910335
2023,12,Ленинградская обл,11922.661572597914
2023,12,Липецкая обл,11342.460700780584
2023,12,Марий Эл Респ,8021.500341423442
2023,12,Мордовия Респ,10462.207366121367
2023,12,Москва г,15954.169074312105
2023,12,Московская обл,10608.83427933579
2023,12,Мурманская обл,14432.443248898062
2023,12,Нижегородская обл,10753.015706024358
2023,12,Новгородская обл,8629.91509467698
2023,12,Новосибирская обл,10054.373072558914
2023,12,Омская обл,10283.744309473794
2023,12,Оренбургская обл,9339.462437561519
2023,12,Орловская обл,9589.774302048821
2023,12,Пензенская обл,10022.927655356398
2023,12,Пермский край,8800.441812063487
2023,12,Псковская обл,9693.166208648725
2023,12,Ростовская обл,11038.230914855294
2023,12,Рязанская обл,9940.554521575043
2023,12,Самарская обл,9985.326001631796
2023,12,Санкт-Петербург г,13672.140568654082
2023,12,Саратовская обл,10010.584154052733
2023,12,Свердловская обл,13191.572587258994
2023,12,Северная Осетия - Алания Респ,8172.897562235997
2023,12,Смоленская обл,11128.161153615038
2023,12,Ставропольский край,10805.777537497586
2023,12,Тамбовская обл,7794.452776386045
2023,12,Татарстан Респ,9544.700583760728
2023,12,Тверская обл,9817.903259389243
2023,12,Томская обл,9111.895436476336
2023,12,Тульская обл,9946.96702853664
2023,12,Тюменская обл,14586.982368282841
2023,12,Удмуртская Респ,9472.508166677
2023,12,Ульяновская обл,9507.602277356767
2023,12,Хакасия Респ,10425.127446834138
2023,12,Ханты-Мансийский Автономный округ - Югра АО,14241.729775725295
2023,12,Челябинская обл,9705.243096759723
2023,12,Чувашская Республика - Чувашия,7206.808569875124
2023,12,Ямало-Ненецкий АО,20316.994032487724
2023,12,Ярославская обл,9313.204485668075
2024,1,Адыгея Респ,9777.451691773356
2024,1,Алтай Респ,6227.589420936141
2024,1,Алтайский край,7918.101950486795
2024,1,Архангельская обл,11778.91299967372
2024,1,Астраханская обл,11281.271704704419
2024,1,Башкортостан Респ,9315.170323980112
2024,1,Белгородская обл,10486.471741958185
2024,1,Брянская обл,9554.28251118208
2024,1,Владимирская обл,10094.834190544198
2024,1,Волгоградская обл,9460.399447481706
2024,1,Вологодская обл,11552.325514988526
2024,1,Воронежская обл,9555.129142939739
2024,1,Ивановская обл,10750.743419020091
2024,1,Иркутская обл,10463.067934845027
2024,1,Кабардино-Балкарская Респ,9740.395096396625
2024,1,Калининградская обл,11577.111624354806
2024,1,Калмыкия Респ,9253.754339801284
2024,1,Калужская обл,9981.209626274847
2024,1,Карачаево-Черкесская Респ,6606.400387732105
2024,1,Карелия Респ,10390.89427984738
2024,1,Кемеровская область - Кузбасс обл,7865.3361368935775
2024,1,Кировская обл,9970.265832656758
2024,1,Коми Респ,11110.885361133123
2024,1,Костромская обл,10777.379407427901
2024,1,Краснодарский край,9999.44171633754
2024,1,Красноярский край,10204.209707493614
2024,1,Курганская обл,10787.460680756689
2024,1,Курская обл,10052.908895113374
2024,1,Ленинградская обл,10796.84853316868
2024,1,Липецкая обл,9900.722864541487
2024,1,Марий Эл Респ,7377.596801824494
2024,1,Мордовия Респ,8682.134906597503
2024,1,Москва г,13878.392929082647
2024,1,Московская обл,10470.223448560888
2024,1,Мурманская обл,13289.807948767304
2024,1,Нижегородская обл,11140.703595450412
2024,1,Новгородская обл,8355.314620029498
2024,1,Новосибирская обл,9701.110701904234
2024,1,Омская обл,8762.631882386919
2024,1,Оренбургская обл,9092.85004493673
2024,1,Орловская обл,9027.425611202878
2024,1,Пензенская обл,9011.760653895974
2024,1,Пермский край,8818.733152730478
2024,1,Псковская обл,9222.983928480406
2024,1,Ростовская обл,11933.768303561981
2024,1,Рязанская обл,8932.928569243933
2024,1,Самарская обл,9278.979653578037
2024,1,Санкт-Петербург г,13424.95579894011
2024,1,Саратовская обл,8959.974254789162
2024,1,Свердловская обл,11899.74868751969
2024,1,Северная Осетия - Алания Респ,7553.104927061087
2024,1,Смоленская обл,10914.344224683835
2024,1,Ставропольский край,9434.952829157037
2024,1,Тамбовская обл,7258.642770083347
2024,1,Татарстан Респ,8085.990389904467
2024,1,Тверская обл,9938.13695188023
2024,1,Томская обл,8809.44403619371
2024,1,Тульская обл,8912.061252718393
2024,1,Тюменская обл,13853.503544260673
2024,1,Удмуртская Респ,9129.768183109125
2024,1,Ульяновская обл,8922.72018766199
2024,1,Хакасия Респ,9905.756124387613
2024,1,Ханты-Мансийский Автономный округ - Югра АО,14995.566659326505
2024,1,Челябинская обл,8865.00396156622
2024,1,Чувашская Республика - Чувашия,7007.316841626805
2024,1,Ямало-Ненецкий АО,17570.7639798248
2024,1,Ярославская обл,8848.123531588471
2024,2,Адыгея Респ,9702.74058923624
2024,2,Алтай Респ,6180.003394796212
2024,2,Алтайский край,7857.598442479703
2024,2,Архангельская обл,11688.908404955564
2024,2,Астраханская обл,11195.069668258828
2024,2,Башкортостан Респ,9243.991588746765
2024,2,Белгородская обл,10406.342901615746
2024,2,Брянская обл,9481.27668074038
2024,2,Владимирская обл,10017.697916586483
2024,2,Волгоградская обл,9388.110992836864
2024,2,Вологодская обл,11464.052312184707
2024,2,Воронежская обл,9482.11684324674
2024,2,Ивановская обл,10668.595235705165
2024,2,Иркутская обл,10383.117926808603
2024,2,Кабардино-Балкарская Респ,9665.967149346658
2024,2,Калининградская обл,11488.649026848077
2024,2,Калмыкия Респ,9183.044894116589
2024,2,Калужская обл,9904.941576138583
2024,2,Карачаево-Черкесская Респ,6555.919805231822
2024,2,Карелия Респ,10311.495762476314
2024,2,Кемеровская область - Кузбасс обл,7805.23582107133
2024,2,Кировская обл,9894.081405831856
2024,2,Коми Респ,11025.985274519328
2024,2,Костромская обл,10695.027694182698
2024,2,Краснодарский край,9923.034351828464
2024,2,Красноярский край,10126.237677377807
2024,2,Курганская обл,10705.031934858283
2024,2,Курская обл,9976.09297917374
2024,2,Ленинградская обл,10714.348053159356
2024,2,Липецкая обл,9825.069826874556
2024,2,Марий Эл Респ,7321.223381784753
2024,2,Мордовия Респ,8615.793298201355
2024,2,Москва г,13772.345865915104
2024,2,Московская обл,10390.218764077494
2024,2,Мурманская обл,13188.258359399928
2024,2,Нижегородская обл,11055.575662846497
2024,2,Новгородская обл,8291.470298729284
2024,2,Новосибирская обл,9626.98293331769
2024,2,Омская обл,8695.67518347417
2024,2,Оренбургская обл,9023.370095203663
2024,2,Орловская обл,8958.44558023507
2024,2,Пензенская обл,8942.900321421033
2024,2,Пермский край,8751.347774864027
2024,2,Псковская обл,9152.509604525561
2024,2,Ростовская обл,11842.580434218502
2024,2,Рязанская обл,8864.670605580963
2024,2,Самарская обл,9208.077457157924
2024,2,Санкт-Петербург г,13322.373522814441
2024,2,Саратовская обл,8891.509630633289
2024,2,Свердловская обл,11808.820767609104
2024,2,Северная Осетия - Алания Респ,7495.39042082077
2024,2,Смоленская обл,10830.945940938609
2024,2,Ставропольский край,9362.858816271748
2024,2,Тамбовская обл,7203.178297194948
2024,2,Татарстан Респ,8024.204018958488
2024,2,Тверская обл,9862.19802707178
2024,2,Томская обл,8742.129637981257
2024,2,Тульская обл,8843.962739623295
2024,2,Тюменская обл,13747.646664940634
2024,2,Удмуртская Респ,9060.006135862981
2024,2,Ульяновская обл,8854.540227907108
2024,2,Хакасия Респ,9830.064626761552
2024,2,Ханты-Мансийский Автономный округ - Югра АО,14880.983089537072
2024,2,Челябинская обл,8797.265020905252
2024,2,Чувашская Республика - Чувашия,6953.772791135068
2024,2,Ямало-Ненецкий АО,17436.502907437534
2024,2,Ярославская обл,8780.513577045225
2024,3,Адыгея Респ,9686.273923566176
2024,3,Алтай Респ,6169.515218924039
2024,3,Алтайский край,7844.263195048119
2024,3,Архангельская обл,11669.070984282282
2024,3,Астраханская обл,11176.070348666091
2024,3,Башкортостан Респ,9228.303472842928
2024,3,Белгородская обл,10388.682141974386
2024,3,Брянская обл,9465.185864770268
2024,3,Владимирская обл,10000.69673214184
2024,3,Волгоградская обл,9372.178289744295
2024,3,Вологодская обл,11444.59649813787
2024,3,Воронежская обл,9466.024601424317
2024,3,Ивановская обл,10650.489403718839
2024,3,Иркутская обл,10365.496582618149
2024,3,Кабардино-Балкарская Респ,9649.562892429525
2024,3,Калининградская обл,11469.15146935018
2024,3,Калмыкия Респ,9167.4602117566
2024,3,Калужская обл,9888.131752159909
2024,3,Карачаево-Черкесская Респ,6544.793656016592
2024,3,Карелия Респ,10293.995969328453
2024,3,Кемеровская область - Кузбасс обл,7791.989439024986
2024,3,Кировская обл,9877.290012810075
2024,3,Коми Респ,11007.272910571353
2024,3,Костромская обл,10676.877003277124
2024,3,Краснодарский край,9906.193822330499
2024,3,Красноярский край,10109.052288487375
2024,3,Курганская обл,10686.864265606748
2024,3,Курская обл,9959.162403088487
2024,3,Ленинградская обл,10696.1645733846
2024,3,Липецкая обл,9808.395554432018
2024,3,Марий Эл Респ,7308.798424463163
2024,3,Мордовия Респ,8601.171306979488
2024,3,Москва г,13748.972612473894
2024,3,Московская обл,10372.585368950275
2024,3,Мурманская обл,13165.876369571652
2024,3,Нижегородская обл,11036.813080609458
2024,3,Новгородская обл,8277.398720903746
2024,3,Новосибирская обл,9610.644837094625
2024,3,Омская обл,8680.917623514193
2024,3,Оренбургская обл,9008.056399324809
2024,3,Орловская обл,8943.242068718248
2024,3,Пензенская обл,8927.72319199464
2024,3,Пермский край,8736.495732119422
2024,3,Псковская обл,9136.976744060656
2024,3,Ростовская обл,11822.482214453927
2024,3,Рязанская обл,8849.626240971309
2024,3,Самарская обл,9192.450291662095
2024,3,Санкт-Петербург г,13299.763924143394
2024,3,Саратовская обл,8876.419717114191
2024,3,Свердловская обл,11788.779841877908
2024,3,Северная Осетия - Алания Респ,7482.6698820213305
2024,3,Смоленская обл,10812.564581150651
2024,3,Ставропольский край,9346.968969024403
2024,3,Тамбовская обл,7190.953675945838
2024,3,Татарстан Респ,8010.586022719862
2024,3,Тверская обл,9845.460743807304
2024,3,Томская обл,8727.29323947415
2024,3,Тульская обл,8828.953518641603
2024,3,Тюменская обл,13724.315328881532
2024,3,Удмуртская Респ,9044.630264413476
2024,3,Ульяновская обл,8839.513055712394
2024,3,Хакасия Респ,9813.38187756968
2024,3,Ханты-Мансийский Автономный округ - Югра АО,14855.72835133979
2024,3,Челябинская обл,8782.335051318008
2024,3,Чувашская Республика - Чувашия,6941.971439687596
2024,3,Ямало-Ненецкий АО,17406.911158468134
2024,3,Ярославская обл,8765.61203658303
2024,4,Адыгея Респ,10776.805052944388
2024,4,Алтай Респ,6540.5682175651355
2024,4,Алтайский край,7751.739303709523
2024,4,Архангельская обл,10337.535768112157
2024,4,Астраханская обл,11871.55744351186
2024,4,Башкортостан Респ,9607.505045886539
2024,4,Белгородская обл,10582.59637268574
2024,4,Брянская обл,9769.245291047622
2024,4,Владимирская обл,10968.057785390227
2024,4,Волгоградская обл,10011.268273247331
2024,4,Вологодская обл,11487.436388672528
2024,4,Воронежская обл,9289.096210157672
2024,4,Ивановская обл,11307.997378011505
2024,4,Иркутская обл,10693.493644168715
2024,4,Кабардино-Балкарская Респ,10226.86450020912
2024,4,Калининградская обл,10747.800514299684
2024,4,Калмыкия Респ,9504.602930751165
2024,4,Калужская обл,10384.856666198013
2024,4,Карачаево-Черкесская Респ,7243.368864897412
2024,4,Карелия Респ,10940.394723440284
2024,4,Кемеровская область - Кузбасс обл,7721.054283000154
2024,4,Кировская обл,10730.580607870095
2024,4,Коми Респ,10721.229430042893
2024,4,Костромская обл,10592.575213920587
2024,4,Краснодарский край,9693.925682130732
2024,4,Красноярский край,11089.382548779104
2024,4,Курганская обл,11513.849717955209
2024,4,Курская обл,10271.98466046462
2024,4,Ленинградская обл,10408.490822745256
2024,4,Липецкая обл,9935.050244158718
2024,4,Марий Эл Респ,7504.90535421417
2024,4,Мордовия Респ,9064.45088936166
2024,4,Москва г,15061.150442450467
2024,4,Московская обл,10724.63067203795
2024,4,Мурманская обл,14278.767445411435
2024,4,Нижегородская обл,11803.51358350742
2024,4,Новгородская обл,8950.143425246803
2024,4,Новосибирская обл,9678.39185191382
2024,4,Омская обл,8039.532486164451
2024,4,Оренбургская обл,9244.590287354564
2024,4,Орловская обл,8817.422263515275
2024,4,Пензенская обл,8801.444257945723
2024,4,Пермский край,9549.98489713392
2024,4,Псковская обл,9317.977677545972
2024,4,Ростовская обл,10294.739416943408
2024,4,Рязанская обл,8622.45501678536
2024,4,Самарская обл,9068.535736244541
2024,4,Санкт-Петербург г,13652.85276844114
2024,4,Саратовская обл,9306.853154797003
2024,4,Свердловская обл,10833.018408719961
2024,4,Северная Осетия - Алания Респ,7834.623319576613
2024,4,Смоленская обл,10343.727371138686
2024,4,Ставропольский край,9353.72204572299
2024,4,Тамбовская обл,7450.65218790417
2024,4,Татарстан Респ,8128.825158001176
2024,4,Тверская обл,10224.043930778349
2024,4,Томская обл,10020.524350558226
2024,4,Тульская обл,8988.038183922014
2024,4,Тюменская обл,12857.240730168696
2024,4,Удмуртская Респ,9090.708701329433
2024,4,Ульяновская обл,9141.937671220801
2024,4,Хакасия Респ,10554.485778894343
2024,4,Ханты-Мансийский Автономный округ - Югра АО,14248.733583531384
2024,4,Челябинская обл,9548.261899544317
2024,4,Чувашская Республика - Чувашия,7225.570523562744
2024,4,Ямало-Ненецкий АО,15336.32993995398
2024,4,Ярославская обл,9462.250754935065
2024,5,Адыгея Респ,10732.800570604904
2024,5,Алтай Респ,6513.861385883013
2024,5,Алтайский край,7720.086947225894
2024,5,Архангельская обл,10295.324935875065
2024,5,Астраханская обл,11823.082804015392
2024,5,Башкортостан Респ,9568.275117903133
2024,5,Белгородская обл,10539.384894617804
2024,5,Брянская обл,9729.354935810794
2024,5,Владимирская обл,10923.272368678641
2024,5,Волгоградская обл,9970.38967557746
2024,5,Вологодская обл,11440.530214791877
2024,5,Воронежская обл,9251.166427803673
2024,5,Ивановская обл,11261.823900021413
2024,5,Иркутская обл,10649.82934385889
2024,5,Кабардино-Балкарская Респ,10185.105567382847
2024,5,Калининградская обл,10703.914464993208
2024,5,Калмыкия Респ,9465.793178718415
2024,5,Калужская обл,10342.45261049498
2024,5,Карачаево-Черкесская Респ,7213.792316400169
2024,5,Карелия Респ,10895.722262165402
2024,5,Кемеровская область - Кузбасс обл,7689.527221392443
2024,5,Кировская обл,10686.76487189532
2024,5,Коми Респ,10677.451877345771
2024,5,Костромская обл,10549.322989662964
2024,5,Краснодарский край,9654.342876337743
2024,5,Красноярский край,11044.101731679215
2024,5,Курганская обл,11466.835691619564
2024,5,Курская обл,10230.041490354164
2024,5,Ленинградская обл,10365.990262668312
2024,5,Липецкая обл,9894.482864414615
2024,5,Марий Эл Респ,7474.260884587359
2024,5,Мордовия Респ,9027.438391954644
2024,5,Москва г,14999.651869784346
2024,5,Московская обл,10680.839231190068
2024,5,Мурманская обл,14220.463544877432
2024,5,Нижегородская обл,11755.316784690185
2024,5,Новгородская обл,8913.5976747802
2024,5,Новосибирская обл,9638.872474767271
2024,5,Омская обл,8006.704995682152
2024,5,Оренбургская обл,9206.842234194364
2024,5,Орловская обл,8781.418447878967
2024,5,Пензенская обл,8765.505684638701
2024,5,Пермский край,9510.989838794856
2024,5,Псковская обл,9279.929964690738
2024,5,Ростовская обл,10252.70333327697
2024,5,Рязанская обл,8587.247302843696
2024,5,Самарская обл,9031.506559351199
2024,5,Санкт-Петербург г,13597.104639419516
2024,5,Саратовская обл,9268.850866245395
2024,5,Свердловская обл,10788.784392709847
2024,5,Северная Осетия - Алания Респ,7802.632526219111
2024,5,Смоленская обл,10301.491256985044
2024,5,Ставропольский край,9315.52837936758
2024,5,Тамбовская обл,7420.229247987419
2024,5,Татарстан Респ,8095.633062445148
2024,5,Тверская обл,10182.296515066571
2024,5,Томская обл,9979.607957930706
2024,5,Тульская обл,8951.337699354657
2024,5,Тюменская обл,12804.7412908761
2024,5,Удмуртская Респ,9053.588986484843
2024,5,Ульяновская обл,9104.608775242305
2024,5,Хакасия Респ,10511.38908365137
2024,5,Ханты-Мансийский Автономный округ - Югра АО,14190.552319023383
2024,5,Челябинская обл,9509.27387665005
2024,5,Чувашская Республика - Чувашия,7196.066650296525
2024,5,Ямало-Ненецкий АО,15273.707738227244
2024,5,Ярославская обл,9423.613937790122
2024,6,Адыгея Респ,10665.607244961651
2024,6,Алтай Респ,6473.08097573588
2024,6,Алтайский край,7671.754891410015
2024,6,Архангельская обл,10230.870452027299
2024,6,Астраханская обл,11749.063702688461
2024,6,Башкортостан Респ,9508.372371959791
2024,6,Белгородская обл,10473.40245912532
2024,6,Брянская обл,9668.443740247241
2024,6,Владимирская обл,10854.88658320446
2024,6,Волгоградская обл,9907.96946792951
2024,6,Вологодская обл,11368.906106322054
2024,6,Воронежская обл,9193.248959359713
2024,6,Ивановская обл,11191.318592886235
2024,6,Иркутская обл,10583.155464432966
2024,6,Кабардино-Балкарская Респ,10121.341118337326
2024,6,Калининградская обл,10636.901982503441
2024,6,Калмыкия Респ,9406.532026948644
2024,6,Калужская обл,10277.703081084155
2024,6,Карачаево-Черкесская Респ,7168.629947729477
2024,6,Карелия Респ,10827.508955744219
2024,6,Кемеровская область - Кузбасс обл,7641.386486527324
2024,6,Кировская обл,10619.859755436079
2024,6,Коми Респ,10610.605065433547
2024,6,Костромская обл,10483.278336145255
2024,6,Краснодарский край,9593.901298159344
2024,6,Красноярский край,10974.959486911677
2024,6,Курганская обл,11395.046896173675
2024,6,Курская обл,10165.99571733496
2024,6,Ленинградская обл,10301.093374409538
2024,6,Липецкая обл,9832.537875797098
2024,6,Марий Эл Респ,7427.467837212922
2024,6,Мордовия Респ,8970.92158596308
2024,6,Москва г,14905.745672050436
2024,6,Московская обл,10613.971212551001
2024,6,Мурманская обл,14131.435501219756
2024,6,Нижегородская обл,11681.721936490303
2024,6,Новгородская обл,8857.793575256092
2024,6,Новосибирская обл,9578.527749942637
2024,6,Омская обл,7956.578550812041
2024,6,Оренбургская обл,9149.20225995664
2024,6,Орловская обл,8726.441864134922
2024,6,Пензенская обл,8710.628723679525
2024,6,Пермский край,9451.445730691505
2024,6,Псковская обл,9221.832420441959
2024,6,Ростовская обл,10188.515684464846
2024,6,Рязанская обл,8533.486338908577
2024,6,Самарская обл,8974.964284359738
2024,6,Санкт-Петербург г,13511.979170644463
2024,6,Саратовская обл,9210.822683340355
2024,6,Свердловская обл,10721.240577074286
2024,6,Северная Осетия - Алания Респ,7753.78368897855
2024,6,Смоленская обл,10236.998168523352
2024,6,Ставропольский край,9257.207969161866
2024,6,Тамбовская обл,7373.77446883377
2024,6,Татарстан Респ,8044.949878212414
2024,6,Тверская обл,10118.549652257356
2024,6,Томская обл,9917.130038686984
2024,6,Тульская обл,8895.297326199603
2024,6,Тюменская обл,12724.576459183252
2024,6,Удмуртская Респ,8996.908463166896
2024,6,Ульяновская обл,9047.608839553126
2024,6,Хакасия Респ,10445.581917570678
2024,6,Ханты-Мансийский Автономный округ - Югра АО,14101.71153634442
2024,6,Челябинская обл,9449.740511428057
2024,6,Чувашская Республика - Чувашия,7151.0152541951
2024,6,Ямало-Ненецкий АО,15178.08579770173
2024,6,Ярославская обл,9364.616851624889
2024,7,Адыгея Респ,10390.501624784329
2024,7,Алтай Респ,6537.043085407104
2024,7,Алтайский край,7790.298878700532
2024,7,Архангельская обл,11125.72423709375
2024,7,Астраханская обл,12053.25877225762
2024,7,Башкортостан Респ,9497.023061501472
2024,7,Белгородская обл,11466.20451734571
2024,7,Брянская обл,9731.559887970085
2024,7,Владимирская обл,10788.564929899158
2024,7,Волгоградская обл,10319.796894748271
2024,7,Вологодская обл,13096.833181287235
2024,7,Воронежская обл,10449.494684054942
2024,7,Ивановская обл,11617.805282444711
2024,7,Иркутская обл,10447.039811944429
2024,7,Кабардино-Балкарская Респ,11026.68421467916
2024,7,Калининградская обл,11358.160355023747
2024,7,Калмыкия Респ,10990.459128834427
2024,7,Калужская обл,9462.023756742035
2024,7,Карачаево-Черкесская Респ,7281.309556902993
2024,7,Карелия Респ,11461.474613193903
2024,7,Кемеровская область - Кузбасс обл,8339.218212431397
2024,7,Кировская обл,10543.39988633365
2024,7,Коми Респ,11145.496714888146
2024,7,Костромская обл,10874.293477251562
2024,7,Краснодарский край,11964.5711386129
2024,7,Красноярский край,10946.77564502696
2024,7,Курганская обл,12089.102111697754
2024,7,Курская обл,9734.484771549847
2024,7,Ленинградская обл,10925.043682797384
2024,7,Липецкая обл,9841.63745671887
2024,7,Марий Эл Респ,8107.625025868783
2024,7,Мордовия Респ,9572.041746572182
2024,7,Москва г,13875.792236442909
2024,7,Московская обл,10325.656591727577
2024,7,Мурманская обл,13104.946947354974
2024,7,Нижегородская обл,12076.778102046317
2024,7,Новгородская обл,8418.490170304822
2024,7,Новосибирская обл,10655.979769665202
2024,7,Омская обл,9524.099473395469
2024,7,Оренбургская обл,9181.504141531883
2024,7,Орловская обл,9273.466409075034
2024,7,Пензенская обл,9104.378128042708
2024,7,Пермский край,9422.20407613952
2024,7,Псковская обл,8996.402371145843
2024,7,Ростовская обл,10556.311961978305
2024,7,Рязанская обл,9354.928443865032
2024,7,Самарская обл,8515.603807683474
2024,7,Санкт-Петербург г,17091.110908116738
2024,7,Саратовская обл,9234.748938467312
2024,7,Свердловская обл,11965.363317568115
2024,7,Северная Осетия - Алания Респ,7744.269750800056
2024,7,Смоленская обл,10483.352059540499
2024,7,Ставропольский край,9702.67404225081
2024,7,Тамбовская обл,8028.440229746697
2024,7,Татарстан Респ,7972.712977868051
2024,7,Тверская обл,11150.14938710839
2024,7,Томская обл,9590.651332139849
2024,7,Тульская обл,8383.181937819116
2024,7,Тюменская обл,12253.574129849007
2024,7,Удмуртская Респ,9463.471303802256
2024,7,Ульяновская обл,10043.755628255687
2024,7,Хакасия Респ,10774.758067161636
2024,7,Ханты-Мансийский Автономный округ - Югра АО,12667.38833575022
2024,7,Челябинская обл,9454.211195207403
2024,7,Чувашская Республика - Чувашия,7007.141716407553
2024,7,Ямало-Ненецкий АО,14609.922568577313
2024,7,Ярославская обл,9055.448389455243
2024,8,Адыгея Респ,10391.540778862218
2024,8,Алтай Респ,6537.696855092614
2024,8,Алтайский край,7791.077986499184
2024,8,Архангельская обл,11126.83692078583
2024,8,Астраханская обл,12054.46421867949
2024,8,Башкортостан Респ,9497.97285878735
2024,8,Белгородская обл,11467.35125247096
2024,8,Брянская обл,9732.533141284215
2024,8,Владимирская обл,10789.643894288589
2024,8,Волгоградская обл,10320.828977646039
2024,8,Вологодская обл,13098.142995586797
2024,8,Воронежская обл,10450.539738028747
2024,8,Ивановская обл,11618.96717916263
2024,8,Иркутская обл,10448.084620406471
2024,8,Кабардино-Балкарская Респ,11027.7869933785
2024,8,Калининградская обл,11359.296284652215
2024,8,Калмыкия Респ,10991.558284662895
2024,8,Калужская обл,9462.970053747413
2024,8,Карачаево-Черкесская Респ,7282.037760679062
2024,8,Карелия Респ,11462.620875281433
2024,8,Кемеровская область - Кузбасс обл,8340.052217653163
2024,8,Кировская обл,10544.454331766829
2024,8,Коми Респ,11146.61137602575
2024,8,Костромская обл,10875.3810153531
2024,8,Краснодарский край,11965.76771538444
2024,8,Красноярский край,10947.87043207017
2024,8,Курганская обл,12090.311142812037
2024,8,Курская обл,9735.458317381586
2024,8,Ленинградская обл,10926.136296427028
2024,8,Липецкая обл,9842.621718890761
2024,8,Марий Эл Респ,8108.43586945573
2024,8,Мордовия Респ,9572.999046476833
2024,8,Москва г,13877.179954438356
2024,8,Московская обл,10326.689260653644
2024,8,Мурманская обл,13106.257573112289
2024,8,Нижегородская обл,12077.985900636382
2024,8,Новгородская обл,8419.332103515175
2024,8,Новосибирская обл,10657.045474212626
2024,8,Омская обл,9525.05197859333
2024,8,Оренбургская обл,9182.422383770261
2024,8,Орловская обл,9274.393848459882
2024,8,Пензенская обл,9105.2886569084
2024,8,Пермский край,9423.1463907786
2024,8,Псковская обл,8997.302101355981
2024,8,Ростовская обл,10557.367698748181
2024,8,Рязанская обл,9355.864030268061
2024,8,Самарская обл,8516.455453228798
2024,8,Санкт-Петербург г,17092.820190135757
2024,8,Саратовская обл,9235.672505717885
2024,8,Свердловская обл,11966.559973565474
2024,8,Северная Осетия - Алания Респ,7745.04425522558
2024,8,Смоленская обл,10484.40049959046
2024,8,Ставропольский край,9703.644406691481
2024,8,Тамбовская обл,8029.243154062105
2024,8,Татарстан Респ,7973.510328900943
2024,8,Тверская обл,11151.264513559747
2024,8,Томская обл,9591.61049318917
2024,8,Тульская обл,8384.020339853103
2024,8,Тюменская обл,12254.79960980999
2024,8,Удмуртская Респ,9464.417745576817
2024,8,Ульяновская обл,10044.760104266115
2024,8,Хакасия Респ,10775.83565072671
2024,8,Ханты-Мансийский Автономный округ - Югра АО,12668.655201270349
2024,8,Челябинская обл,9455.156710878493
2024,8,Чувашская Республика - Чувашия,7007.84250065762
2024,8,Ямало-Ненецкий АО,14611.38370694801
2024,8,Ярославская обл,9056.35402485773
2024,9,Адыгея Респ,10356.329259380323
2024,9,Алтай Респ,6515.544005474002
2024,9,Алтайский край,7764.678081023702
2024,9,Архангельская обл,11089.133865642643
2024,9,Астраханская обл,12013.617917759108
2024,9,Башкортостан Респ,9465.789175590344
2024,9,Белгородская обл,11428.494371607494
2024,9,Брянская обл,9699.554655455664
2024,9,Владимирская обл,10753.083410692234
2024,9,Волгоградская обл,10285.857063629697
2024,9,Вологодская обл,13053.760210869837
2024,9,Воронежская обл,10415.128301802617
2024,9,Ивановская обл,11579.596550889602
2024,9,Иркутская обл,10412.681503295265
2024,9,Кабардино-Балкарская Респ,10990.419566851204
2024,9,Калининградская обл,11320.805545796506
2024,9,Калмыкия Респ,10954.31361836047
2024,9,Калужская обл,9430.904976826203
2024,9,Карачаево-Черкесская Респ,7257.362727405881
2024,9,Карелия Респ,11423.780023202544
2024,9,Кемеровская область - Кузбасс обл,8311.7921244301
2024,9,Кировская обл,10508.724667895982
2024,9,Коми Респ,11108.841315552869
2024,9,Костромская обл,10838.53001330785
2024,9,Краснодарский край,11925.221960717998
2024,9,Красноярский край,10910.773801146272
2024,9,Курганская обл,12049.343375335895
2024,9,Курская обл,9702.469919654759
2024,9,Ленинградская обл,10889.113311169052
2024,9,Липецкая обл,9809.270200210047
2024,9,Марий Эл Респ,8080.960603404155
2024,9,Мордовия Респ,9540.561138605572
2024,9,Москва г,13830.15741921303
2024,9,Московская обл,10291.697489190396
2024,9,Мурманская обл,13061.847292318404
2024,9,Нижегородская обл,12037.059896986626
2024,9,Новгородская обл,8390.803372050203
2024,9,Новосибирская обл,10620.934297600783
2024,9,Омская обл,9492.776538362894
2024,9,Оренбургская обл,9151.307936785191
2024,9,Орловская обл,9242.9677580824
2024,9,Пензенская обл,9074.43557595017
2024,9,Пермский край,9391.216255509866
2024,9,Псковская обл,8966.814930591967
2024,9,Ростовская обл,10521.594278202292
2024,9,Рязанская обл,9324.16187987648
2024,9,Самарская обл,8487.597621316323
2024,9,Санкт-Петербург г,17034.90152495092
2024,9,Саратовская обл,9204.377621803751
2024,9,Свердловская обл,11926.011534348689
2024,9,Северная Осетия - Алания Респ,7718.800334089674
2024,9,Смоленская обл,10448.87432687907
2024,9,Ставропольский край,9670.76380973837
2024,9,Тамбовская обл,8002.036230877121
2024,9,Татарстан Респ,7946.492255233149
2024,9,Тверская обл,11113.478686027252
2024,9,Томская обл,9559.109520818385
2024,9,Тульская обл,8355.611261563785
2024,9,Тюменская обл,12213.274476589584
2024,9,Удмуртская Респ,9432.347763181997
2024,9,Ульяновская обл,10010.723643876934
2024,9,Хакасия Респ,10739.321956076052
2024,9,Ханты-Мансийский Автономный округ - Югра АО,12625.727726998552
2024,9,Челябинская обл,9423.118109306848
2024,9,Чувашская Республика - Чувашия,6984.096572311759
2024,9,Ямало-Ненецкий АО,14561.873337600167
2024,9,Ярославская обл,9025.666757880934
2024,10,Адыгея Респ,11084.833951398545
2024,10,Алтай Респ,7211.451703684082
2024,10,Алтайский край,9646.993189465413
2024,10,Архангельская обл,11367.236638157354
2024,10,Астраханская обл,14060.960154201644
2024,10,Башкортостан Респ,10121.368695323337
2024,10,Белгородская обл,12696.12898510011
2024,10,Брянская обл,11063.15311796007
2024,10,Владимирская обл,11690.839209122378
2024,10,Волгоградская обл,11172.60884576815
2024,10,Вологодская обл,14243.763321278806
2024,10,Воронежская обл,11992.12001610835
2024,10,Ивановская обл,12680.089426741604
2024,10,Иркутская обл,11512.443254253847
2024,10,Кабардино-Балкарская Респ,11431.634948963354
2024,10,Калининградская обл,11905.11641103333
2024,10,Калмыкия Респ,10716.2641282363
2024,10,Калужская обл,12564.973956363401
2024,10,Карачаево-Черкесская Респ,7333.519640943042
2024,10,Карелия Респ,11341.913363867132
2024,10,Кемеровская область - Кузбасс обл,9583.622540170229
2024,10,Кировская обл,11524.074514080774
2024,10,Коми Респ,13146.220827731075
2024,10,Костромская обл,11773.724563893495
2024,10,Краснодарский край,12568.40890953168
2024,10,Красноярский край,12426.63833292641
2024,10,Курганская обл,14008.237642463524
2024,10,Курская обл,11584.17641761905
2024,10,Ленинградская обл,11113.59109253409
2024,10,Липецкая обл,10811.776900979607
2024,10,Марий Эл Респ,8205.880422806527
2024,10,Мордовия Респ,9495.94106957433
2024,10,Москва г,16344.397959476179
2024,10,Московская обл,12249.843618086363
2024,10,Мурманская обл,14402.993280338384
2024,10,Нижегородская обл,13474.326207324337
2024,10,Новгородская обл,9032.82530109439
2024,10,Новосибирская обл,11677.898930140558
2024,10,Омская обл,10111.419063423198
2024,10,Оренбургская обл,9908.100687433041
2024,10,Орловская обл,10277.310354812907
2024,10,Пензенская обл,11166.794845339116
2024,10,Пермский край,10040.572339585293
2024,10,Псковская обл,9532.084120447736
2024,10,Ростовская обл,10508.732991845585
2024,10,Рязанская обл,10879.087643614874
2024,10,Самарская обл,8851.02046480839
2024,10,Санкт-Петербург г,16762.22383784271
2024,10,Саратовская обл,10321.594309874503
2024,10,Свердловская обл,13860.149011580366
2024,10,Северная Осетия - Алания Респ,8469.728713577306
2024,10,Смоленская обл,12020.493685242505
2024,10,Ставропольский край,10935.90124758314
2024,10,Тамбовская обл,8291.69124528232
2024,10,Татарстан Респ,9463.194950565945
2024,10,Тверская обл,12117.19380897029
2024,10,Томская обл,9931.037310201853
2024,10,Тульская обл,9134.887514903961
2024,10,Тюменская обл,13114.351371343435
2024,10,Удмуртская Респ,9725.134571913368
2024,10,Ульяновская обл,9967.025016893394
2024,10,Хакасия Респ,11038.37083249901
2024,10,Ханты-Мансийский Автономный округ - Югра АО,15218.788139866228
2024,10,Челябинская обл,9641.896162183455
2024,10,Чувашская Республика - Чувашия,7707.772019457357
2024,10,Ямало-Ненецкий АО,16427.743915178155
2024,10,Ярославская обл,10632.464089541178
2024,11,Адыгея Респ,10832.438142674237
2024,11,Алтай Респ,7047.250760953858
2024,11,Алтайский край,9427.3362547302
2024,11,Архангельская обл,11108.410669556686
2024,11,Астраханская обл,13740.799525263019
2024,11,Башкортостан Респ,9890.910481113397
2024,11,Белгородская обл,12407.044840320641
2024,11,Брянская обл,10811.250970350895
2024,11,Владимирская обл,11424.644981063599
2024,11,Волгоградская обл,10918.214449104029
2024,11,Вологодская обл,13919.440360870525
2024,11,Воронежская обл,11719.065783356154
2024,11,Ивановская обл,12391.370494226137
2024,11,Иркутская обл,11250.311007772745
2024,11,Кабардино-Балкарская Респ,11171.342664871843
2024,11,Калининградская обл,11634.043204371479
2024,11,Калмыкия Респ,10472.26045952927
2024,11,Калужская обл,12278.876142249002
2024,11,Карачаево-Черкесская Респ,7166.539275816518
2024,11,Карелия Респ,11083.6639928341
2024,11,Кемеровская область - Кузбасс обл,9365.408521616566
2024,11,Кировская обл,11261.677429962647
2024,11,Коми Респ,12846.888329650226
2024,11,Костромская обл,11505.643080126549
2024,11,Краснодарский край,12282.232883349636
2024,11,Красноярский край,12143.690347822157
2024,11,Курганская обл,13689.277477243748
2024,11,Курская обл,11320.410844932134
2024,11,Ленинградская обл,10860.5404989095
2024,11,Липецкая обл,10565.598456933069
2024,11,Марий Эл Респ,8019.036863878167
2024,11,Мордовия Респ,9279.723511750544
2024,11,Москва г,15972.24465892327
2024,11,Московская обл,11970.921155170883
2024,11,Мурманская обл,14075.044737944285
2024,11,Нижегородская обл,13167.522923213466
2024,11,Новгородская обл,8827.152644478054
2024,11,Новосибирская обл,11411.999345392907
2024,11,Омская обл,9881.187397071437
2024,11,Оренбургская обл,9682.498473011869
2024,11,Орловская обл,10043.301431459893
2024,11,Пензенская обл,10912.532830391008
2024,11,Пермский край,9811.953815679954
2024,11,Псковская обл,9315.043604463734
2024,11,Ростовская обл,10269.454697396255
2024,11,Рязанская обл,10631.376569544489
2024,11,Самарская обл,8649.487408197392
2024,11,Санкт-Петербург г,16380.556862936299
2024,11,Саратовская обл,10086.577064276855
2024,11,Свердловская обл,13544.560746194047
2024,11,Северная Осетия - Алания Респ,8276.877468559862
2024,11,Смоленская обл,11746.793399044764
2024,11,Ставропольский край,10686.896557786713
2024,11,Тамбовская обл,8102.8938192928
2024,11,Татарстан Респ,9247.723004559706
2024,11,Тверская обл,11841.291712078855
2024,11,Томская обл,9704.912841006406
2024,11,Тульская обл,8926.890955637607
2024,11,Тюменская обл,12815.744523935735
2024,11,Удмуртская Респ,9503.698399211737
2024,11,Ульяновская обл,9740.081126642623
2024,11,Хакасия Респ,10787.032964427844
2024,11,Ханты-Мансийский Автономный округ - Югра АО,14872.264379816506
2024,11,Челябинская обл,9422.355284064748
2024,11,Чувашская Республика - Чувашия,7532.270125532452
2024,11,Ямало-Ненецкий АО,16053.692871277395
2024,11,Ярославская обл,10390.368503411688
2024,12,Адыгея Респ,10557.931912937853
2024,12,Алтай Респ,6868.665459019355
2024,12,Алтайский край,9188.436895448538
2024,12,Архангельская обл,10826.910983973377
2024,12,Астраханская обл,13392.592129885985
2024,12,Башкортостан Респ,9640.263626816177
2024,12,Белгородская обл,12092.63629660881
2024,12,Брянская обл,10537.281647515492
2024,12,Владимирская обл,11135.131560490836
2024,12,Волгоградская обл,10641.534550783654
2024,12,Вологодская обл,13566.7060047471
2024,12,Воронежская обл,11422.091406779877
2024,12,Ивановская обл,12077.359156165825
2024,12,Иркутская обл,10965.215407185911
2024,12,Кабардино-Балкарская Респ,10888.248211376065
2024,12,Калининградская обл,11339.223396073565
2024,12,Калмыкия Респ,10206.881539502212
2024,12,Калужская обл,11967.715538254388
2024,12,Карачаево-Черкесская Респ,6984.931068047289
2024,12,Карелия Респ,10802.79141601764
2024,12,Кемеровская область - Кузбасс обл,9128.078481107763
2024,12,Кировская обл,10976.293791386594
2024,12,Коми Респ,12521.33365462985
2024,12,Костромская обл,11214.077076146734
2024,12,Краснодарский край,11970.987215740384
2024,12,Красноярский край,11835.955504699958
2024,12,Курганская обл,13342.37570881457
2024,12,Курская обл,11033.538835216505
2024,12,Ленинградская обл,10585.32212369347
2024,12,Липецкая обл,10297.854246523459
2024,12,Марий Эл Респ,7815.825403390027
2024,12,Мордовия Респ,9044.564826267586
2024,12,Москва г,15567.489920977845
2024,12,Московская обл,11667.564478724058
2024,12,Мурманская обл,13718.367190978835
2024,12,Нижегородская обл,12833.843005081351
2024,12,Новгородская обл,8603.462616450344
2024,12,Новосибирская обл,11122.80637952525
2024,12,Омская обл,9630.786936716799
2024,12,Оренбургская обл,9437.13301463145
2024,12,Орловская обл,9788.79281818703
2024,12,Пензенская обл,10635.996910712483
2024,12,Пермский край,9563.30781255356
2024,12,Псковская обл,9078.989867898375
2024,12,Ростовская обл,10009.215104674711
2024,12,Рязанская обл,10361.965467392289
2024,12,Самарская обл,8430.299618126113
2024,12,Санкт-Петербург г,15965.455032101656
2024,12,Саратовская обл,9830.971797540795
2024,12,Свердловская обл,13201.326263347024
2024,12,Северная Осетия - Алания Респ,8067.132035633394
2024,12,Смоленская обл,11449.116373337976
2024,12,Ставропольский край,10416.078516361318
2024,12,Тамбовская обл,7897.557328745419
2024,12,Татарстан Респ,9013.375248108876
2024,12,Тверская обл,11541.219992279586
2024,12,Томская обл,9458.979377199224
2024,12,Тульская обл,8700.673446040553
2024,12,Тюменская обл,12490.979068163484
2024,12,Удмуртская Респ,9262.863936853544
2024,12,Ульяновская обл,9493.256458716007
2024,12,Хакасия Респ,10513.677353243513
2024,12,Ханты-Мансийский Автономный округ - Югра АО,14495.384385786068
2024,12,Челябинская обл,9183.582148211255
2024,12,Чувашская Республика - Чувашия,7341.393884534554
2024,12,Ямало-Ненецкий АО,15646.87414354522
2024,12,Ярославская обл,10127.064818140047
2025,1,Адыгея Респ,9854.86802646216
2025,1,Алтай Респ,5719.775051596319
2025,1,Алтайский край,8065.917896882818
2025,1,Архангельская обл,11081.99370619458
2025,1,Астраханская обл,12155.80347193173
2025,1,Башкортостан Респ,9118.915492153348
2025,1,Белгородская обл,11055.79826800644
2025,1,Брянская обл,10181.896435017448
2025,1,Владимирская обл,10760.45476032345
2025,1,Волгоградская обл,9866.790453229318
2025,1,Вологодская обл,11899.43249443221
2025,1,Воронежская обл,10226.614725342988
2025,1,Ивановская обл,11256.319885106006
2025,1,Иркутская обл,10738.779755785376
2025,1,Кабардино-Балкарская Респ,9773.617647883046
2025,1,Калининградская обл,10891.574906021551
2025,1,Калмыкия Респ,10293.032526736439
2025,1,Калужская обл,10975.3821325473
2025,1,Карачаево-Черкесская Респ,6681.255053390188
2025,1,Карелия Респ,11059.227139973218
2025,1,Кемеровская область - Кузбасс обл,7681.51357533963
2025,1,Кировская обл,10882.594283940598
2025,1,Коми Респ,11652.75589169523
2025,1,Костромская обл,10750.71035139582
2025,1,Краснодарский край,10740.614682207148
2025,1,Красноярский край,11138.338302718379
2025,1,Курганская обл,11823.34993033311
2025,1,Курская обл,10068.10036370541
2025,1,Ленинградская обл,11621.662210855318
2025,1,Липецкая обл,9762.670376782437
2025,1,Марий Эл Респ,7683.881518785419
2025,1,Мордовия Респ,8864.43968629479
2025,1,Москва г,14660.181917078879
2025,1,Московская обл,10710.940337887138
2025,1,Мурманская обл,12364.096722306807
2025,1,Нижегородская обл,12498.99495802191
2025,1,Новгородская обл,8488.610607984778
2025,1,Новосибирская обл,10021.315356030029
2025,1,Омская обл,9490.41202020873
2025,1,Оренбургская обл,9158.3863217769
2025,1,Орловская обл,8931.30983738487
2025,1,Пензенская обл,9705.639597423118
2025,1,Пермский край,9191.891853595229
2025,1,Псковская обл,10009.264269981208
2025,1,Ростовская обл,9904.170058973188
2025,1,Рязанская обл,9391.15955325132
2025,1,Самарская обл,8216.521754909129
2025,1,Санкт-Петербург г,12660.719675068525
2025,1,Саратовская обл,8501.918674793307
2025,1,Свердловская обл,12000.858894807507
2025,1,Северная Осетия - Алания Респ,7715.42040158409
2025,1,Смоленская обл,11935.00474360038
2025,1,Ставропольский край,8916.937778739119
2025,1,Тамбовская обл,8048.3426305659
2025,1,Татарстан Респ,8040.828315853709
2025,1,Тверская обл,10340.934623730358
2025,1,Томская обл,9216.491304027537
2025,1,Тульская обл,8984.309292585507
2025,1,Тюменская обл,11379.283440789028
2025,1,Удмуртская Респ,9558.462569152767
2025,1,Ульяновская обл,9145.595955411238
2025,1,Хакасия Респ,10082.352953018188
2025,1,Ханты-Мансийский Автономный округ - Югра АО,12242.461624762198
2025,1,Челябинская обл,8512.40644845942
2025,1,Чувашская Республика - Чувашия,7132.593855664289
2025,1,Ямало-Ненецкий АО,13410.07932341064
2025,1,Ярославская обл,9260.91041046795
2025,2,Адыгея Респ,9731.2807608
2025,2,Алтай Респ,5648.0448816
2025,2,Алтайский край,7964.765376599999
2025,2,Архангельская обл,10943.017385400002
2025,2,Астраханская обл,12003.3607899
2025,2,Башкортостан Респ,9004.5576105
2025,2,Белгородская обл,10917.150457200001
2025,2,Брянская обл,10054.2079935
2025,2,Владимирская обл,10625.5107735
2025,2,Волгоградская обл,9743.053671599999
2025,2,Вологодская обл,11750.204892300002
2025,2,Воронежская обл,10098.3654837
2025,2,Ивановская обл,11115.157386299998
2025,2,Иркутская обл,10604.107589399997
2025,2,Кабардино-Балкарская Респ,9651.049321499997
2025,2,Калининградская обл,10754.986576500001
2025,2,Калмыкия Респ,10163.9503572
2025,2,Калужская обл,10837.742799
2025,2,Карачаево-Черкесская Респ,6597.467219699998
2025,2,Карелия Респ,10920.5363286
2025,2,Кемеровская область - Кузбасс обл,7585.1817669
2025,2,Кировская обл,10746.118578
2025,2,Коми Респ,11506.6217949
2025,2,Костромская обл,10615.888566600002
2025,2,Краснодарский край,10605.9195045
2025,2,Красноярский край,10998.6553794
2025,2,Курганская обл,11675.0764593
2025,2,Курская обл,9941.8390083
2025,2,Ленинградская обл,11475.9180516
2025,2,Липецкая обл,9640.239337199999
2025,2,Марий Эл Респ,7587.5200146
2025,2,Мордовия Респ,8753.2731177
2025,2,Москва г,14476.3324944
2025,2,Московская обл,10576.617298199997
2025,2,Мурманская обл,12209.041890299999
2025,2,Нижегородская обл,12342.248403300002
2025,2,Новгородская обл,8382.1572114
2025,2,Новосибирская обл,9895.6407189
2025,2,Омская обл,9371.395299900003
2025,2,Оренбургская обл,9043.533447
2025,2,Орловская обл,8819.3046681
2025,2,Пензенская обл,9583.923765599999
2025,2,Пермский край,9076.6187949
2025,2,Псковская обл,9883.7407623
2025,2,Ростовская обл,9779.9645097
2025,2,Рязанская обл,9273.387531600001
2025,2,Самарская обл,8113.480551899999
2025,2,Санкт-Петербург г,12501.944973899997
2025,2,Саратовская обл,8395.298385299999
2025,2,Свердловская обл,11850.359331299998
2025,2,Северная Осетия - Алания Респ,7618.6633767
2025,2,Смоленская обл,11785.3310394
2025,2,Ставропольский край,8805.112845599999
2025,2,Тамбовская обл,7947.410517000001
2025,2,Татарстан Респ,7939.990437299999
2025,2,Тверская обл,10211.2517268
2025,2,Томская обл,9100.909750199999
2025,2,Тульская обл,8871.639471299999
2025,2,Тюменская обл,11236.578888899998
2025,2,Удмуртская Респ,9438.5924451
2025,2,Ульяновская обл,9030.903481199999
2025,2,Хакасия Респ,9955.912859699998
2025,2,Ханты-Мансийский Автономный округ - Югра АО,12088.932186
2025,2,Челябинская обл,8405.654634600001
2025,2,Чувашская Республика - Чувашия,7043.1459027
2025,2,Ямало-Ненецкий АО,13241.907103200001
2025,2,Ярославская обл,9144.7718085
